casual,registered,cnt,casual_prob,reg_prob
848.1764705882352,3656.172366621067,4504.3488372093025,18.830168382645255,81.16983161735473
